[
  {
    "name": "Andaman And Nicobar Islands",
    "code": 35,
    "districts": [
      {
        "name": "Nicobars",
        "code": 603
      },
      {
        "name": "North And Middle Andaman",
        "code": 632
      },
      {
        "name": "South Andamans",
        "code": 602
      }
    ]
  },
  {
    "name": "Andhra Pradesh",
    "code": 28,
    "districts": [
      {
        "name": "Alluri Sitharama Raju",
        "code": 745
      },
      {
        "name": "Anakapalli",
        "code": 744
      },
      {
        "name": "Ananthapuramu",
        "code": 502
      },
      {
        "name": "Annamayya",
        "code": 753
      },
      {
        "name": "Bapatla",
        "code": 750
      },
      {
        "name": "Chittoor",
        "code": 503
      },
      {
        "name": "Dr. B.R. Ambedkar Konaseema",
        "code": 747
      },
      {
        "name": "East Godavari",
        "code": 505
      },
      {
        "name": "Eluru",
        "code": 748
      },
      {
        "name": "Guntur",
        "code": 506
      },
      {
        "name": "Kakinada",
        "code": 746
      },
      {
        "name": "Krishna",
        "code": 510
      },
      {
        "name": "Kurnool",
        "code": 511
      },
      {
        "name": "Nandyal",
        "code": 755
      },
      {
        "name": "Ntr",
        "code": 749
      },
      {
        "name": "Palnadu",
        "code": 751
      },
      {
        "name": "Parvathipuram Manyam",
        "code": 743
      },
      {
        "name": "Prakasam",
        "code": 517
      },
      {
        "name": "Srikakulam",
        "code": 519
      },
      {
        "name": "Sri Potti Sriramulu Nellore",
        "code": 515
      },
      {
        "name": "Sri Sathya Sai",
        "code": 754
      },
      {
        "name": "Tirupati",
        "code": 752
      },
      {
        "name": "Visakhapatnam",
        "code": 520
      },
      {
        "name": "Vizianagaram",
        "code": 521
      },
      {
        "name": "West Godavari",
        "code": 523
      },
      {
        "name": "Y.S.R. Kadapa",
        "code": 504
      }
    ]
  },
  {
    "name": "Arunachal Pradesh",
    "code": 12,
    "districts": [
      {
        "name": "Anjaw",
        "code": 628
      },
      {
        "name": "Bichom",
        "code": 787
      },
      {
        "name": "Changlang",
        "code": 229
      },
      {
        "name": "Dibang Valley",
        "code": 230
      },
      {
        "name": "East Kameng",
        "code": 231
      },
      {
        "name": "East Siang",
        "code": 232
      },
      {
        "name": "Kamle",
        "code": 718
      },
      {
        "name": "Keyi Panyor",
        "code": 786
      },
      {
        "name": "Kra Daadi",
        "code": 677
      },
      {
        "name": "Kurung Kumey",
        "code": 233
      },
      {
        "name": "Leparada",
        "code": 724
      },
      {
        "name": "Lohit",
        "code": 234
      },
      {
        "name": "Longding",
        "code": 666
      },
      {
        "name": "Lower Dibang Valley",
        "code": 235
      },
      {
        "name": "Lower Siang",
        "code": 719
      },
      {
        "name": "Lower Subansiri",
        "code": 236
      },
      {
        "name": "Namsai",
        "code": 678
      },
      {
        "name": "Pakke Kessang",
        "code": 723
      },
      {
        "name": "Papum Pare",
        "code": 237
      },
      {
        "name": "Shi Yomi",
        "code": 725
      },
      {
        "name": "Siang",
        "code": 679
      },
      {
        "name": "Tawang",
        "code": 238
      },
      {
        "name": "Tirap",
        "code": 239
      },
      {
        "name": "Upper Siang",
        "code": 240
      },
      {
        "name": "Upper Subansiri",
        "code": 241
      },
      {
        "name": "West Kameng",
        "code": 242
      },
      {
        "name": "West Siang",
        "code": 243
      }
    ]
  },
  {
    "name": "Assam",
    "code": 18,
    "districts": [
      {
        "name": "Bajali",
        "code": 739
      },
      {
        "name": "Baksa",
        "code": 616
      },
      {
        "name": "Barpeta",
        "code": 280
      },
      {
        "name": "Biswanath",
        "code": 705
      },
      {
        "name": "Bongaigaon",
        "code": 281
      },
      {
        "name": "Cachar",
        "code": 282
      },
      {
        "name": "Charaideo",
        "code": 708
      },
      {
        "name": "Chirang",
        "code": 612
      },
      {
        "name": "Darrang",
        "code": 283
      },
      {
        "name": "Dhemaji",
        "code": 284
      },
      {
        "name": "Dhubri",
        "code": 285
      },
      {
        "name": "Dibrugarh",
        "code": 286
      },
      {
        "name": "Dima Hasao",
        "code": 299
      },
      {
        "name": "Goalpara",
        "code": 287
      },
      {
        "name": "Golaghat",
        "code": 288
      },
      {
        "name": "Hailakandi",
        "code": 289
      },
      {
        "name": "Hojai",
        "code": 709
      },
      {
        "name": "Jorhat",
        "code": 290
      },
      {
        "name": "Kamrup",
        "code": 291
      },
      {
        "name": "Kamrup Metro",
        "code": 618
      },
      {
        "name": "Karbi Anglong",
        "code": 292
      },
      {
        "name": "Kokrajhar",
        "code": 294
      },
      {
        "name": "Lakhimpur",
        "code": 295
      },
      {
        "name": "Majuli",
        "code": 706
      },
      {
        "name": "Marigaon",
        "code": 296
      },
      {
        "name": "Nagaon",
        "code": 297
      },
      {
        "name": "Nalbari",
        "code": 298
      },
      {
        "name": "Sivasagar",
        "code": 300
      },
      {
        "name": "Sonitpur",
        "code": 301
      },
      {
        "name": "South Salmara Mancachar",
        "code": 707
      },
      {
        "name": "Sribhumi",
        "code": 293
      },
      {
        "name": "Tamulpur",
        "code": 756
      },
      {
        "name": "Tinsukia",
        "code": 302
      },
      {
        "name": "Udalguri",
        "code": 617
      },
      {
        "name": "West Karbi Anglong",
        "code": 710
      }
    ]
  },
  {
    "name": "Bihar",
    "code": 10,
    "districts": [
      {
        "name": "Araria",
        "code": 188
      },
      {
        "name": "Arwal",
        "code": 611
      },
      {
        "name": "Aurangabad",
        "code": 189
      },
      {
        "name": "Banka",
        "code": 190
      },
      {
        "name": "Begusarai",
        "code": 191
      },
      {
        "name": "Bhagalpur",
        "code": 192
      },
      {
        "name": "Bhojpur",
        "code": 193
      },
      {
        "name": "Buxar",
        "code": 194
      },
      {
        "name": "Darbhanga",
        "code": 195
      },
      {
        "name": "Gaya",
        "code": 196
      },
      {
        "name": "Gopalganj",
        "code": 197
      },
      {
        "name": "Jamui",
        "code": 198
      },
      {
        "name": "Jehanabad",
        "code": 199
      },
      {
        "name": "Kaimur (Bhabua)",
        "code": 200
      },
      {
        "name": "Katihar",
        "code": 201
      },
      {
        "name": "Khagaria",
        "code": 202
      },
      {
        "name": "Kishanganj",
        "code": 203
      },
      {
        "name": "Lakhisarai",
        "code": 204
      },
      {
        "name": "Madhepura",
        "code": 205
      },
      {
        "name": "Madhubani",
        "code": 206
      },
      {
        "name": "Munger",
        "code": 207
      },
      {
        "name": "Muzaffarpur",
        "code": 208
      },
      {
        "name": "Nalanda",
        "code": 209
      },
      {
        "name": "Nawada",
        "code": 210
      },
      {
        "name": "Pashchim Champaran",
        "code": 211
      },
      {
        "name": "Patna",
        "code": 212
      },
      {
        "name": "Purbi Champaran",
        "code": 213
      },
      {
        "name": "Purnia",
        "code": 214
      },
      {
        "name": "Rohtas",
        "code": 215
      },
      {
        "name": "Saharsa",
        "code": 216
      },
      {
        "name": "Samastipur",
        "code": 217
      },
      {
        "name": "Saran",
        "code": 218
      },
      {
        "name": "Sheikhpura",
        "code": 219
      },
      {
        "name": "Sheohar",
        "code": 220
      },
      {
        "name": "Sitamarhi",
        "code": 221
      },
      {
        "name": "Siwan",
        "code": 222
      },
      {
        "name": "Supaul",
        "code": 223
      },
      {
        "name": "Vaishali",
        "code": 224
      }
    ]
  },
  {
    "name": "Chandigarh",
    "code": 4,
    "districts": [
      {
        "name": "Chandigarh",
        "code": 44
      }
    ]
  },
  {
    "name": "Chhattisgarh",
    "code": 22,
    "districts": [
      {
        "name": "Mahasamund",
        "code": 385
      },
      {
        "name": "Balod",
        "code": 646
      },
      {
        "name": "Balodabazar-Bhatapara",
        "code": 644
      },
      {
        "name": "Balrampur-Ramanujganj",
        "code": 649
      },
      {
        "name": "Bastar",
        "code": 374
      },
      {
        "name": "Bemetara",
        "code": 650
      },
      {
        "name": "Bijapur",
        "code": 636
      },
      {
        "name": "Bilaspur",
        "code": 375
      },
      {
        "name": "Dakshin Bastar Dantewada",
        "code": 376
      },
      {
        "name": "Dhamtari",
        "code": 377
      },
      {
        "name": "Durg",
        "code": 378
      },
      {
        "name": "Gariyaband",
        "code": 645
      },
      {
        "name": "Gaurela-Pendra-Marwahi",
        "code": 734
      },
      {
        "name": "Janjgir-Champa",
        "code": 379
      },
      {
        "name": "Jashpur",
        "code": 380
      },
      {
        "name": "Kabeerdham",
        "code": 382
      },
      {
        "name": "Khairagarh-Chhuikhadan-Gandai",
        "code": 759
      },
      {
        "name": "Kondagaon",
        "code": 643
      },
      {
        "name": "Korba",
        "code": 383
      },
      {
        "name": "Korea",
        "code": 384
      },
      {
        "name": "Manendragarh-Chirmiri-Bharatpur(M C B)",
        "code": 760
      },
      {
        "name": "Mohla-Manpur-Ambagarh Chouki",
        "code": 761
      },
      {
        "name": "Mungeli",
        "code": 647
      },
      {
        "name": "Narayanpur",
        "code": 637
      },
      {
        "name": "Raigarh",
        "code": 386
      },
      {
        "name": "Raipur",
        "code": 387
      },
      {
        "name": "Rajnandgaon",
        "code": 388
      },
      {
        "name": "Sakti",
        "code": 762
      },
      {
        "name": "Sarangarh-Bilaigarh",
        "code": 763
      },
      {
        "name": "Sukma",
        "code": 642
      },
      {
        "name": "Surajpur",
        "code": 648
      },
      {
        "name": "Surguja",
        "code": 389
      },
      {
        "name": "Uttar Bastar Kanker",
        "code": 381
      }
    ]
  },
  {
    "name": "Delhi",
    "code": 7,
    "districts": [
      {
        "name": "Central",
        "code": 77
      },
      {
        "name": "East",
        "code": 78
      },
      {
        "name": "New Delhi",
        "code": 79
      },
      {
        "name": "North",
        "code": 80
      },
      {
        "name": "North East",
        "code": 81
      },
      {
        "name": "North West",
        "code": 82
      },
      {
        "name": "Shahdara",
        "code": 671
      },
      {
        "name": "South",
        "code": 83
      },
      {
        "name": "South East",
        "code": 670
      },
      {
        "name": "South West",
        "code": 84
      },
      {
        "name": "West",
        "code": 85
      }
    ]
  },
  {
    "name": "Goa",
    "code": 30,
    "districts": [
      {
        "name": "North Goa",
        "code": 551
      },
      {
        "name": "South Goa",
        "code": 552
      }
    ]
  },
  {
    "name": "Gujarat",
    "code": 24,
    "districts": [
      {
        "name": "Ahmedabad",
        "code": 438
      },
      {
        "name": "Amreli",
        "code": 439
      },
      {
        "name": "Anand",
        "code": 440
      },
      {
        "name": "Arvalli",
        "code": 672
      },
      {
        "name": "Banas Kantha",
        "code": 441
      },
      {
        "name": "Bharuch",
        "code": 442
      },
      {
        "name": "Bhavnagar",
        "code": 443
      },
      {
        "name": "Botad",
        "code": 676
      },
      {
        "name": "Chhotaudepur",
        "code": 668
      },
      {
        "name": "Dahod",
        "code": 445
      },
      {
        "name": "Dangs",
        "code": 444
      },
      {
        "name": "Devbhumi Dwarka",
        "code": 674
      },
      {
        "name": "Gandhinagar",
        "code": 446
      },
      {
        "name": "Gir Somnath",
        "code": 675
      },
      {
        "name": "Jamnagar",
        "code": 447
      },
      {
        "name": "Junagadh",
        "code": 448
      },
      {
        "name": "Kachchh",
        "code": 449
      },
      {
        "name": "Kheda",
        "code": 450
      },
      {
        "name": "Mahesana",
        "code": 451
      },
      {
        "name": "Mahisagar",
        "code": 669
      },
      {
        "name": "Morbi",
        "code": 673
      },
      {
        "name": "Narmada",
        "code": 452
      },
      {
        "name": "Navsari",
        "code": 453
      },
      {
        "name": "Panch Mahals",
        "code": 454
      },
      {
        "name": "Patan",
        "code": 455
      },
      {
        "name": "Porbandar",
        "code": 456
      },
      {
        "name": "Rajkot",
        "code": 457
      },
      {
        "name": "Sabar Kantha",
        "code": 458
      },
      {
        "name": "Surat",
        "code": 459
      },
      {
        "name": "Surendranagar",
        "code": 460
      },
      {
        "name": "Tapi",
        "code": 641
      },
      {
        "name": "Vadodara",
        "code": 461
      },
      {
        "name": "Valsad",
        "code": 462
      },
      {
        "name": "Vav-Tharad",
        "code": 789
      }
    ]
  },
  {
    "name": "Haryana",
    "code": 6,
    "districts": [
      {
        "name": "Ambala",
        "code": 58
      },
      {
        "name": "Bhiwani",
        "code": 59
      },
      {
        "name": "Charkhi Dadri",
        "code": 701
      },
      {
        "name": "Faridabad",
        "code": 60
      },
      {
        "name": "Fatehabad",
        "code": 61
      },
      {
        "name": "Gurugram",
        "code": 62
      },
      {
        "name": "Hisar",
        "code": 63
      },
      {
        "name": "Jhajjar",
        "code": 64
      },
      {
        "name": "Jind",
        "code": 65
      },
      {
        "name": "Kaithal",
        "code": 66
      },
      {
        "name": "Karnal",
        "code": 67
      },
      {
        "name": "Kurukshetra",
        "code": 68
      },
      {
        "name": "Mahendragarh",
        "code": 69
      },
      {
        "name": "Nuh",
        "code": 604
      },
      {
        "name": "Palwal",
        "code": 619
      },
      {
        "name": "Panchkula",
        "code": 70
      },
      {
        "name": "Panipat",
        "code": 71
      },
      {
        "name": "Rewari",
        "code": 72
      },
      {
        "name": "Rohtak",
        "code": 73
      },
      {
        "name": "Sirsa",
        "code": 74
      },
      {
        "name": "Sonipat",
        "code": 75
      },
      {
        "name": "Yamunanagar",
        "code": 76
      }
    ]
  },
  {
    "name": "Himachal Pradesh",
    "code": 2,
    "districts": [
      {
        "name": "Bilaspur",
        "code": 15
      },
      {
        "name": "Chamba",
        "code": 16
      },
      {
        "name": "Hamirpur",
        "code": 17
      },
      {
        "name": "Kangra",
        "code": 18
      },
      {
        "name": "Kinnaur",
        "code": 19
      },
      {
        "name": "Kullu",
        "code": 20
      },
      {
        "name": "Lahaul And Spiti",
        "code": 21
      },
      {
        "name": "Mandi",
        "code": 22
      },
      {
        "name": "Shimla",
        "code": 23
      },
      {
        "name": "Sirmaur",
        "code": 24
      },
      {
        "name": "Solan",
        "code": 25
      },
      {
        "name": "Una",
        "code": 26
      }
    ]
  },
  {
    "name": "Jammu And Kashmir",
    "code": 1,
    "districts": [
      {
        "name": "Anantnag",
        "code": 1
      },
      {
        "name": "Bandipora",
        "code": 623
      },
      {
        "name": "Baramulla",
        "code": 3
      },
      {
        "name": "Budgam",
        "code": 2
      },
      {
        "name": "Doda",
        "code": 4
      },
      {
        "name": "Ganderbal",
        "code": 626
      },
      {
        "name": "Jammu",
        "code": 5
      },
      {
        "name": "Kathua",
        "code": 7
      },
      {
        "name": "Kishtwar",
        "code": 620
      },
      {
        "name": "Kulgam",
        "code": 622
      },
      {
        "name": "Kupwara",
        "code": 8
      },
      {
        "name": "Poonch",
        "code": 10
      },
      {
        "name": "Pulwama",
        "code": 11
      },
      {
        "name": "Rajouri",
        "code": 12
      },
      {
        "name": "Ramban",
        "code": 621
      },
      {
        "name": "Reasi",
        "code": 627
      },
      {
        "name": "Samba",
        "code": 624
      },
      {
        "name": "Shopian",
        "code": 625
      },
      {
        "name": "Srinagar",
        "code": 13
      },
      {
        "name": "Udhampur",
        "code": 14
      }
    ]
  },
  {
    "name": "Jharkhand",
    "code": 20,
    "districts": [
      {
        "name": "Bokaro",
        "code": 322
      },
      {
        "name": "Chatra",
        "code": 323
      },
      {
        "name": "Deoghar",
        "code": 324
      },
      {
        "name": "Dhanbad",
        "code": 325
      },
      {
        "name": "Dumka",
        "code": 326
      },
      {
        "name": "East Singhbum",
        "code": 327
      },
      {
        "name": "Garhwa",
        "code": 328
      },
      {
        "name": "Giridih",
        "code": 329
      },
      {
        "name": "Godda",
        "code": 330
      },
      {
        "name": "Gumla",
        "code": 331
      },
      {
        "name": "Hazaribagh",
        "code": 332
      },
      {
        "name": "Jamtara",
        "code": 333
      },
      {
        "name": "Khunti",
        "code": 606
      },
      {
        "name": "Koderma",
        "code": 334
      },
      {
        "name": "Latehar",
        "code": 335
      },
      {
        "name": "Lohardaga",
        "code": 336
      },
      {
        "name": "Pakur",
        "code": 337
      },
      {
        "name": "Palamu",
        "code": 338
      },
      {
        "name": "Ramgarh",
        "code": 607
      },
      {
        "name": "Ranchi",
        "code": 339
      },
      {
        "name": "Sahebganj",
        "code": 340
      },
      {
        "name": "Saraikela Kharsawan",
        "code": 341
      },
      {
        "name": "Simdega",
        "code": 342
      },
      {
        "name": "West Singhbhum",
        "code": 343
      }
    ]
  },
  {
    "name": "Karnataka",
    "code": 29,
    "districts": [
      {
        "name": "Bagalkote",
        "code": 524
      },
      {
        "name": "Ballari",
        "code": 528
      },
      {
        "name": "Belagavi",
        "code": 527
      },
      {
        "name": "Bengaluru Rural",
        "code": 526
      },
      {
        "name": "Bengaluru South",
        "code": 631
      },
      {
        "name": "Bengaluru Urban",
        "code": 525
      },
      {
        "name": "Bidar",
        "code": 529
      },
      {
        "name": "Chamarajanagar",
        "code": 531
      },
      {
        "name": "Chikkaballapura",
        "code": 630
      },
      {
        "name": "Chikkamagaluru",
        "code": 532
      },
      {
        "name": "Chitradurga",
        "code": 533
      },
      {
        "name": "Dakshina Kannada",
        "code": 534
      },
      {
        "name": "Davanagere",
        "code": 535
      },
      {
        "name": "Dharwad",
        "code": 536
      },
      {
        "name": "Gadag",
        "code": 537
      },
      {
        "name": "Hassan",
        "code": 539
      },
      {
        "name": "Haveri",
        "code": 540
      },
      {
        "name": "Kalaburagi",
        "code": 538
      },
      {
        "name": "Kodagu",
        "code": 541
      },
      {
        "name": "Kolar",
        "code": 542
      },
      {
        "name": "Koppal",
        "code": 543
      },
      {
        "name": "Mandya",
        "code": 544
      },
      {
        "name": "Mysuru",
        "code": 545
      },
      {
        "name": "Raichur",
        "code": 546
      },
      {
        "name": "Shivamogga",
        "code": 547
      },
      {
        "name": "Tumakuru",
        "code": 548
      },
      {
        "name": "Udupi",
        "code": 549
      },
      {
        "name": "Uttara Kannada",
        "code": 550
      },
      {
        "name": "Vijayanagara",
        "code": 738
      },
      {
        "name": "Vijayapura",
        "code": 530
      },
      {
        "name": "Yadgir",
        "code": 635
      }
    ]
  },
  {
    "name": "Kerala",
    "code": 32,
    "districts": [
      {
        "name": "Alappuzha",
        "code": 554
      },
      {
        "name": "Ernakulam",
        "code": 555
      },
      {
        "name": "Idukki",
        "code": 556
      },
      {
        "name": "Kannur",
        "code": 557
      },
      {
        "name": "Kasaragod",
        "code": 558
      },
      {
        "name": "Kollam",
        "code": 559
      },
      {
        "name": "Kottayam",
        "code": 560
      },
      {
        "name": "Kozhikode",
        "code": 561
      },
      {
        "name": "Malappuram",
        "code": 562
      },
      {
        "name": "Palakkad",
        "code": 563
      },
      {
        "name": "Pathanamthitta",
        "code": 564
      },
      {
        "name": "Thiruvananthapuram",
        "code": 565
      },
      {
        "name": "Thrissur",
        "code": 566
      },
      {
        "name": "Wayanad",
        "code": 567
      }
    ]
  },
  {
    "name": "Ladakh",
    "code": 37,
    "districts": [
      {
        "name": "Kargil",
        "code": 6
      },
      {
        "name": "Leh Ladakh",
        "code": 9
      }
    ]
  },
  {
    "name": "Lakshadweep",
    "code": 31,
    "districts": [
      {
        "name": "Lakshadweep District",
        "code": 553
      }
    ]
  },
  {
    "name": "Madhya Pradesh",
    "code": 23,
    "districts": [
      {
        "name": "Agar-Malwa",
        "code": 667
      },
      {
        "name": "Alirajpur",
        "code": 639
      },
      {
        "name": "Anuppur",
        "code": 390
      },
      {
        "name": "Ashoknagar",
        "code": 391
      },
      {
        "name": "Balaghat",
        "code": 392
      },
      {
        "name": "Barwani",
        "code": 393
      },
      {
        "name": "Betul",
        "code": 394
      },
      {
        "name": "Bhind",
        "code": 395
      },
      {
        "name": "Bhopal",
        "code": 396
      },
      {
        "name": "Burhanpur",
        "code": 397
      },
      {
        "name": "Chhatarpur",
        "code": 398
      },
      {
        "name": "Chhindwara",
        "code": 399
      },
      {
        "name": "Damoh",
        "code": 400
      },
      {
        "name": "Datia",
        "code": 401
      },
      {
        "name": "Dewas",
        "code": 402
      },
      {
        "name": "Dhar",
        "code": 403
      },
      {
        "name": "Dindori",
        "code": 404
      },
      {
        "name": "Guna",
        "code": 406
      },
      {
        "name": "Gwalior",
        "code": 407
      },
      {
        "name": "Harda",
        "code": 408
      },
      {
        "name": "Indore",
        "code": 410
      },
      {
        "name": "Jabalpur",
        "code": 411
      },
      {
        "name": "Jhabua",
        "code": 412
      },
      {
        "name": "Katni",
        "code": 413
      },
      {
        "name": "Khandwa (East Nimar)",
        "code": 405
      },
      {
        "name": "Khargone (West Nimar)",
        "code": 414
      },
      {
        "name": "Maihar",
        "code": 784
      },
      {
        "name": "Mandla",
        "code": 415
      },
      {
        "name": "Mandsaur",
        "code": 416
      },
      {
        "name": "MAUGANJ",
        "code": 766
      },
      {
        "name": "Morena",
        "code": 417
      },
      {
        "name": "Narmadapuram",
        "code": 409
      },
      {
        "name": "Narsimhapur",
        "code": 418
      },
      {
        "name": "Neemuch",
        "code": 419
      },
      {
        "name": "Niwari",
        "code": 722
      },
      {
        "name": "Pandhurna",
        "code": 785
      },
      {
        "name": "Panna",
        "code": 420
      },
      {
        "name": "Raisen",
        "code": 421
      },
      {
        "name": "Rajgarh",
        "code": 422
      },
      {
        "name": "Ratlam",
        "code": 423
      },
      {
        "name": "Rewa",
        "code": 424
      },
      {
        "name": "Sagar",
        "code": 425
      },
      {
        "name": "Satna",
        "code": 426
      },
      {
        "name": "Sehore",
        "code": 427
      },
      {
        "name": "Seoni",
        "code": 428
      },
      {
        "name": "Shahdol",
        "code": 429
      },
      {
        "name": "Shajapur",
        "code": 430
      },
      {
        "name": "Sheopur",
        "code": 431
      },
      {
        "name": "Shivpuri",
        "code": 432
      },
      {
        "name": "Sidhi",
        "code": 433
      },
      {
        "name": "Singrauli",
        "code": 638
      },
      {
        "name": "Tikamgarh",
        "code": 434
      },
      {
        "name": "Ujjain",
        "code": 435
      },
      {
        "name": "Umaria",
        "code": 436
      },
      {
        "name": "Vidisha",
        "code": 437
      }
    ]
  },
  {
    "name": "Maharashtra",
    "code": 27,
    "districts": [
      {
        "name": "Ahilyanagar",
        "code": 466
      },
      {
        "name": "Akola",
        "code": 467
      },
      {
        "name": "Amravati",
        "code": 468
      },
      {
        "name": "Beed",
        "code": 470
      },
      {
        "name": "Bhandara",
        "code": 471
      },
      {
        "name": "Buldhana",
        "code": 472
      },
      {
        "name": "Chandrapur",
        "code": 473
      },
      {
        "name": "Chhatrapati Sambhajinagar",
        "code": 469
      },
      {
        "name": "Dharashiv",
        "code": 488
      },
      {
        "name": "Dhule",
        "code": 474
      },
      {
        "name": "Gadchiroli",
        "code": 475
      },
      {
        "name": "Gondia",
        "code": 476
      },
      {
        "name": "Hingoli",
        "code": 477
      },
      {
        "name": "Jalgaon",
        "code": 478
      },
      {
        "name": "Jalna",
        "code": 479
      },
      {
        "name": "Kolhapur",
        "code": 480
      },
      {
        "name": "Latur",
        "code": 481
      },
      {
        "name": "Mumbai",
        "code": 482
      },
      {
        "name": "Mumbai Suburban",
        "code": 483
      },
      {
        "name": "Nagpur",
        "code": 484
      },
      {
        "name": "Nanded",
        "code": 485
      },
      {
        "name": "Nandurbar",
        "code": 486
      },
      {
        "name": "Nashik",
        "code": 487
      },
      {
        "name": "Palghar",
        "code": 665
      },
      {
        "name": "Parbhani",
        "code": 489
      },
      {
        "name": "Pune",
        "code": 490
      },
      {
        "name": "Raigad",
        "code": 491
      },
      {
        "name": "Ratnagiri",
        "code": 492
      },
      {
        "name": "Sangli",
        "code": 493
      },
      {
        "name": "Satara",
        "code": 494
      },
      {
        "name": "Sindhudurg",
        "code": 495
      },
      {
        "name": "Solapur",
        "code": 496
      },
      {
        "name": "Thane",
        "code": 497
      },
      {
        "name": "Wardha",
        "code": 498
      },
      {
        "name": "Washim",
        "code": 499
      },
      {
        "name": "Yavatmal",
        "code": 500
      }
    ]
  },
  {
    "name": "Manipur",
    "code": 14,
    "districts": [
      {
        "name": "Bishnupur",
        "code": 252
      },
      {
        "name": "Chandel",
        "code": 253
      },
      {
        "name": "Churachandpur",
        "code": 254
      },
      {
        "name": "Imphal East",
        "code": 255
      },
      {
        "name": "Imphal West",
        "code": 256
      },
      {
        "name": "Jiribam",
        "code": 713
      },
      {
        "name": "Kakching",
        "code": 711
      },
      {
        "name": "Kamjong",
        "code": 717
      },
      {
        "name": "Kangpokpi",
        "code": 712
      },
      {
        "name": "Noney",
        "code": 714
      },
      {
        "name": "Pherzawl",
        "code": 715
      },
      {
        "name": "Senapati",
        "code": 257
      },
      {
        "name": "Tamenglong",
        "code": 258
      },
      {
        "name": "Tengnoupal",
        "code": 716
      },
      {
        "name": "Thoubal",
        "code": 259
      },
      {
        "name": "Ukhrul",
        "code": 260
      }
    ]
  },
  {
    "name": "Meghalaya",
    "code": 17,
    "districts": [
      {
        "name": "Eastern West Khasi Hills",
        "code": 740
      },
      {
        "name": "East Garo Hills",
        "code": 273
      },
      {
        "name": "East Jaintia Hills",
        "code": 657
      },
      {
        "name": "East Khasi Hills",
        "code": 274
      },
      {
        "name": "North Garo Hills",
        "code": 656
      },
      {
        "name": "Ri Bhoi",
        "code": 276
      },
      {
        "name": "South Garo Hills",
        "code": 277
      },
      {
        "name": "South West Garo Hills",
        "code": 663
      },
      {
        "name": "South West Khasi Hills",
        "code": 658
      },
      {
        "name": "West Garo Hills",
        "code": 278
      },
      {
        "name": "West Jaintia Hills",
        "code": 275
      },
      {
        "name": "West Khasi Hills",
        "code": 279
      }
    ]
  },
  {
    "name": "Mizoram",
    "code": 15,
    "districts": [
      {
        "name": "Aizawl",
        "code": 261
      },
      {
        "name": "Champhai",
        "code": 262
      },
      {
        "name": "Hnahthial",
        "code": 726
      },
      {
        "name": "Khawzawl",
        "code": 728
      },
      {
        "name": "Kolasib",
        "code": 263
      },
      {
        "name": "Lawngtlai",
        "code": 264
      },
      {
        "name": "Lunglei",
        "code": 265
      },
      {
        "name": "Mamit",
        "code": 266
      },
      {
        "name": "Saitual",
        "code": 727
      },
      {
        "name": "Serchhip",
        "code": 268
      },
      {
        "name": "Siaha",
        "code": 267
      }
    ]
  },
  {
    "name": "Nagaland",
    "code": 13,
    "districts": [
      {
        "name": "Chumoukedima",
        "code": 758
      },
      {
        "name": "Dimapur",
        "code": 244
      },
      {
        "name": "Kiphire",
        "code": 614
      },
      {
        "name": "Kohima",
        "code": 245
      },
      {
        "name": "Longleng",
        "code": 615
      },
      {
        "name": "Meluri",
        "code": 788
      },
      {
        "name": "Mokokchung",
        "code": 246
      },
      {
        "name": "Mon",
        "code": 247
      },
      {
        "name": "Niuland",
        "code": 764
      },
      {
        "name": "Noklak",
        "code": 736
      },
      {
        "name": "Peren",
        "code": 613
      },
      {
        "name": "Phek",
        "code": 248
      },
      {
        "name": "Shamator",
        "code": 765
      },
      {
        "name": "Tseminyu",
        "code": 757
      },
      {
        "name": "Tuensang",
        "code": 249
      },
      {
        "name": "Wokha",
        "code": 250
      },
      {
        "name": "Zunheboto",
        "code": 251
      }
    ]
  },
  {
    "name": "Odisha",
    "code": 21,
    "districts": [
      {
        "name": "Angul",
        "code": 344
      },
      {
        "name": "Balangir",
        "code": 345
      },
      {
        "name": "Balasore",
        "code": 346
      },
      {
        "name": "Bargarh",
        "code": 347
      },
      {
        "name": "Bhadrak",
        "code": 348
      },
      {
        "name": "Boudh",
        "code": 349
      },
      {
        "name": "Cuttack",
        "code": 350
      },
      {
        "name": "Deogarh",
        "code": 351
      },
      {
        "name": "Dhenkanal",
        "code": 352
      },
      {
        "name": "Gajapati",
        "code": 353
      },
      {
        "name": "Ganjam",
        "code": 354
      },
      {
        "name": "Jagatsinghapur",
        "code": 355
      },
      {
        "name": "Jajpur",
        "code": 356
      },
      {
        "name": "Jharsuguda",
        "code": 357
      },
      {
        "name": "Kalahandi",
        "code": 358
      },
      {
        "name": "Kandhamal",
        "code": 359
      },
      {
        "name": "Kendrapara",
        "code": 360
      },
      {
        "name": "Keonjhar",
        "code": 361
      },
      {
        "name": "Khordha",
        "code": 362
      },
      {
        "name": "Koraput",
        "code": 363
      },
      {
        "name": "Malkangiri",
        "code": 364
      },
      {
        "name": "Mayurbhanj",
        "code": 365
      },
      {
        "name": "Nabarangpur",
        "code": 366
      },
      {
        "name": "Nayagarh",
        "code": 367
      },
      {
        "name": "Nuapada",
        "code": 368
      },
      {
        "name": "Puri",
        "code": 369
      },
      {
        "name": "Rayagada",
        "code": 370
      },
      {
        "name": "Sambalpur",
        "code": 371
      },
      {
        "name": "Sonepur",
        "code": 372
      },
      {
        "name": "Sundargarh",
        "code": 373
      }
    ]
  },
  {
    "name": "Puducherry",
    "code": 34,
    "districts": [
      {
        "name": "Karaikal",
        "code": 598
      },
      {
        "name": "Puducherry",
        "code": 600
      }
    ]
  },
  {
    "name": "Punjab",
    "code": 3,
    "districts": [
      {
        "name": "Amritsar",
        "code": 27
      },
      {
        "name": "Barnala",
        "code": 605
      },
      {
        "name": "Bathinda",
        "code": 28
      },
      {
        "name": "Faridkot",
        "code": 29
      },
      {
        "name": "Fatehgarh Sahib",
        "code": 30
      },
      {
        "name": "Fazilka",
        "code": 651
      },
      {
        "name": "Ferozepur",
        "code": 31
      },
      {
        "name": "Gurdaspur",
        "code": 32
      },
      {
        "name": "Hoshiarpur",
        "code": 33
      },
      {
        "name": "Jalandhar",
        "code": 34
      },
      {
        "name": "Kapurthala",
        "code": 35
      },
      {
        "name": "Ludhiana",
        "code": 36
      },
      {
        "name": "Malerkotla",
        "code": 737
      },
      {
        "name": "Mansa",
        "code": 37
      },
      {
        "name": "Moga",
        "code": 38
      },
      {
        "name": "Pathankot",
        "code": 662
      },
      {
        "name": "Patiala",
        "code": 41
      },
      {
        "name": "Rupnagar",
        "code": 42
      },
      {
        "name": "Sangrur",
        "code": 43
      },
      {
        "name": "S.A.S Nagar",
        "code": 608
      },
      {
        "name": "Shahid Bhagat Singh Nagar",
        "code": 40
      },
      {
        "name": "Sri Muktsar Sahib",
        "code": 39
      },
      {
        "name": "Tarn Taran",
        "code": 609
      }
    ]
  },
  {
    "name": "Rajasthan",
    "code": 8,
    "districts": [
      {
        "name": "Ajmer",
        "code": 86
      },
      {
        "name": "Alwar",
        "code": 87
      },
      {
        "name": "Balotra",
        "code": 775
      },
      {
        "name": "Banswara",
        "code": 88
      },
      {
        "name": "Baran",
        "code": 89
      },
      {
        "name": "Barmer",
        "code": 90
      },
      {
        "name": "Beawar",
        "code": 774
      },
      {
        "name": "Bharatpur",
        "code": 91
      },
      {
        "name": "Bhilwara",
        "code": 92
      },
      {
        "name": "Bikaner",
        "code": 93
      },
      {
        "name": "Bundi",
        "code": 94
      },
      {
        "name": "Chittorgarh",
        "code": 95
      },
      {
        "name": "Churu",
        "code": 96
      },
      {
        "name": "Dausa",
        "code": 97
      },
      {
        "name": "Deeg",
        "code": 767
      },
      {
        "name": "Dholpur",
        "code": 98
      },
      {
        "name": "Didwana-Kuchaman",
        "code": 768
      },
      {
        "name": "Dungarpur",
        "code": 99
      },
      {
        "name": "Ganganagar",
        "code": 100
      },
      {
        "name": "Hanumangarh",
        "code": 101
      },
      {
        "name": "Jaipur",
        "code": 102
      },
      {
        "name": "Jaisalmer",
        "code": 103
      },
      {
        "name": "Jalore",
        "code": 104
      },
      {
        "name": "Jhalawar",
        "code": 105
      },
      {
        "name": "Jhunjhunu",
        "code": 106
      },
      {
        "name": "Jodhpur",
        "code": 107
      },
      {
        "name": "Karauli",
        "code": 108
      },
      {
        "name": "Khairthal-Tijara",
        "code": 770
      },
      {
        "name": "Kota",
        "code": 109
      },
      {
        "name": "Kotputli-Behror",
        "code": 782
      },
      {
        "name": "Nagaur",
        "code": 110
      },
      {
        "name": "Pali",
        "code": 111
      },
      {
        "name": "Phalodi",
        "code": 772
      },
      {
        "name": "Pratapgarh",
        "code": 629
      },
      {
        "name": "Rajsamand",
        "code": 112
      },
      {
        "name": "Salumbar",
        "code": 777
      },
      {
        "name": "Sawai Madhopur",
        "code": 113
      },
      {
        "name": "Sikar",
        "code": 114
      },
      {
        "name": "Sirohi",
        "code": 115
      },
      {
        "name": "Tonk",
        "code": 116
      },
      {
        "name": "Udaipur",
        "code": 117
      }
    ]
  },
  {
    "name": "Sikkim",
    "code": 11,
    "districts": [
      {
        "name": "Gangtok",
        "code": 225
      },
      {
        "name": "Gyalshing",
        "code": 228
      },
      {
        "name": "Mangan",
        "code": 226
      },
      {
        "name": "Namchi",
        "code": 227
      },
      {
        "name": "Pakyong",
        "code": 741
      },
      {
        "name": "Soreng",
        "code": 742
      }
    ]
  },
  {
    "name": "Tamil Nadu",
    "code": 33,
    "districts": [
      {
        "name": "Ariyalur",
        "code": 610
      },
      {
        "name": "Chengalpattu",
        "code": 730
      },
      {
        "name": "Chennai",
        "code": 568
      },
      {
        "name": "Coimbatore",
        "code": 569
      },
      {
        "name": "Cuddalore",
        "code": 570
      },
      {
        "name": "Dharmapuri",
        "code": 571
      },
      {
        "name": "Dindigul",
        "code": 572
      },
      {
        "name": "Erode",
        "code": 573
      },
      {
        "name": "Kallakurichi",
        "code": 729
      },
      {
        "name": "Kancheepuram",
        "code": 574
      },
      {
        "name": "Kanniyakumari",
        "code": 575
      },
      {
        "name": "Karur",
        "code": 576
      },
      {
        "name": "Krishnagiri",
        "code": 577
      },
      {
        "name": "Madurai",
        "code": 578
      },
      {
        "name": "Mayiladuthurai",
        "code": 735
      },
      {
        "name": "Nagapattinam",
        "code": 579
      },
      {
        "name": "Namakkal",
        "code": 580
      },
      {
        "name": "Perambalur",
        "code": 581
      },
      {
        "name": "Pudukkottai",
        "code": 582
      },
      {
        "name": "Ramanathapuram",
        "code": 583
      },
      {
        "name": "Ranipet",
        "code": 731
      },
      {
        "name": "Salem",
        "code": 584
      },
      {
        "name": "Sivaganga",
        "code": 585
      },
      {
        "name": "Tenkasi",
        "code": 733
      },
      {
        "name": "Thanjavur",
        "code": 586
      },
      {
        "name": "Theni",
        "code": 588
      },
      {
        "name": "The Nilgiris",
        "code": 587
      },
      {
        "name": "Thiruvallur",
        "code": 589
      },
      {
        "name": "Thiruvarur",
        "code": 590
      },
      {
        "name": "Thoothukkudi",
        "code": 594
      },
      {
        "name": "Tiruchirappalli",
        "code": 591
      },
      {
        "name": "Tirunelveli",
        "code": 592
      },
      {
        "name": "Tirupathur",
        "code": 732
      },
      {
        "name": "Tiruppur",
        "code": 634
      },
      {
        "name": "Tiruvannamalai",
        "code": 593
      },
      {
        "name": "Vellore",
        "code": 595
      },
      {
        "name": "Viluppuram",
        "code": 596
      },
      {
        "name": "Virudhunagar",
        "code": 597
      }
    ]
  },
  {
    "name": "Telangana",
    "code": 36,
    "districts": [
      {
        "name": "Adilabad",
        "code": 501
      },
      {
        "name": "Bhadradri Kothagudem",
        "code": 690
      },
      {
        "name": "Hanumakonda",
        "code": 686
      },
      {
        "name": "Hyderabad",
        "code": 507
      },
      {
        "name": "Jagitial",
        "code": 681
      },
      {
        "name": "Jangoan",
        "code": 689
      },
      {
        "name": "Jayashankar Bhupalapally",
        "code": 687
      },
      {
        "name": "Jogulamba Gadwal",
        "code": 695
      },
      {
        "name": "Kamareddy",
        "code": 685
      },
      {
        "name": "Karimnagar",
        "code": 508
      },
      {
        "name": "Khammam",
        "code": 509
      },
      {
        "name": "Kumuram Bheem Asifabad",
        "code": 699
      },
      {
        "name": "Mahabubabad",
        "code": 688
      },
      {
        "name": "Mahabubnagar",
        "code": 512
      },
      {
        "name": "Mancherial",
        "code": 684
      },
      {
        "name": "Medak",
        "code": 513
      },
      {
        "name": "Medchal Malkajgiri",
        "code": 700
      },
      {
        "name": "Mulugu",
        "code": 720
      },
      {
        "name": "Nagarkurnool",
        "code": 694
      },
      {
        "name": "Nalgonda",
        "code": 514
      },
      {
        "name": "Narayanpet",
        "code": 721
      },
      {
        "name": "Nirmal",
        "code": 680
      },
      {
        "name": "Nizamabad",
        "code": 516
      },
      {
        "name": "Peddapalli",
        "code": 682
      },
      {
        "name": "Rajanna Sircilla",
        "code": 683
      },
      {
        "name": "Ranga Reddy",
        "code": 518
      },
      {
        "name": "Sangareddy",
        "code": 691
      },
      {
        "name": "Siddipet",
        "code": 692
      },
      {
        "name": "Suryapet",
        "code": 696
      },
      {
        "name": "Vikarabad",
        "code": 698
      },
      {
        "name": "Wanaparthy",
        "code": 693
      },
      {
        "name": "Warangal",
        "code": 522
      },
      {
        "name": "Yadadri Bhuvanagiri",
        "code": 697
      }
    ]
  },
  {
    "name": "The Dadra And Nagar Haveli And Daman And Diu",
    "code": 38,
    "districts": [
      {
        "name": "Dadra And Nagar Haveli",
        "code": 465
      },
      {
        "name": "Daman",
        "code": 463
      },
      {
        "name": "Diu",
        "code": 464
      }
    ]
  },
  {
    "name": "Tripura",
    "code": 16,
    "districts": [
      {
        "name": "Dhalai",
        "code": 269
      },
      {
        "name": "Gomati",
        "code": 654
      },
      {
        "name": "Khowai",
        "code": 652
      },
      {
        "name": "North Tripura",
        "code": 270
      },
      {
        "name": "Sepahijala",
        "code": 653
      },
      {
        "name": "South Tripura",
        "code": 271
      },
      {
        "name": "Unakoti",
        "code": 655
      },
      {
        "name": "West Tripura",
        "code": 272
      }
    ]
  },
  {
    "name": "Uttar Pradesh",
    "code": 9,
    "districts": [
      {
        "name": "Agra",
        "code": 118
      },
      {
        "name": "Aligarh",
        "code": 119
      },
      {
        "name": "Ambedkar Nagar",
        "code": 121
      },
      {
        "name": "Amethi",
        "code": 640
      },
      {
        "name": "Amroha",
        "code": 154
      },
      {
        "name": "Auraiya",
        "code": 122
      },
      {
        "name": "Ayodhya",
        "code": 140
      },
      {
        "name": "Azamgarh",
        "code": 123
      },
      {
        "name": "Baghpat",
        "code": 124
      },
      {
        "name": "Bahraich",
        "code": 125
      },
      {
        "name": "Ballia",
        "code": 126
      },
      {
        "name": "Balrampur",
        "code": 127
      },
      {
        "name": "Banda",
        "code": 128
      },
      {
        "name": "Bara Banki",
        "code": 129
      },
      {
        "name": "Bareilly",
        "code": 130
      },
      {
        "name": "Basti",
        "code": 131
      },
      {
        "name": "Bhadohi",
        "code": 179
      },
      {
        "name": "Bijnor",
        "code": 132
      },
      {
        "name": "Budaun",
        "code": 133
      },
      {
        "name": "Bulandshahr",
        "code": 134
      },
      {
        "name": "Chandauli",
        "code": 135
      },
      {
        "name": "Chitrakoot",
        "code": 136
      },
      {
        "name": "Deoria",
        "code": 137
      },
      {
        "name": "Etah",
        "code": 138
      },
      {
        "name": "Etawah",
        "code": 139
      },
      {
        "name": "Farrukhabad",
        "code": 141
      },
      {
        "name": "Fatehpur",
        "code": 142
      },
      {
        "name": "Firozabad",
        "code": 143
      },
      {
        "name": "Gautam Buddha Nagar",
        "code": 144
      },
      {
        "name": "Ghaziabad",
        "code": 145
      },
      {
        "name": "Ghazipur",
        "code": 146
      },
      {
        "name": "Gonda",
        "code": 147
      },
      {
        "name": "Gorakhpur",
        "code": 148
      },
      {
        "name": "Hamirpur",
        "code": 149
      },
      {
        "name": "Hapur",
        "code": 661
      },
      {
        "name": "Hardoi",
        "code": 150
      },
      {
        "name": "Hathras",
        "code": 163
      },
      {
        "name": "Jalaun",
        "code": 151
      },
      {
        "name": "Jaunpur",
        "code": 152
      },
      {
        "name": "Jhansi",
        "code": 153
      },
      {
        "name": "Kannauj",
        "code": 155
      },
      {
        "name": "Kanpur Dehat",
        "code": 156
      },
      {
        "name": "Kanpur Nagar",
        "code": 157
      },
      {
        "name": "Kasganj",
        "code": 633
      },
      {
        "name": "Kaushambi",
        "code": 158
      },
      {
        "name": "Kheri",
        "code": 159
      },
      {
        "name": "Kushinagar",
        "code": 160
      },
      {
        "name": "Lalitpur",
        "code": 161
      },
      {
        "name": "Lucknow",
        "code": 162
      },
      {
        "name": "Mahoba",
        "code": 165
      },
      {
        "name": "Mahrajganj",
        "code": 164
      },
      {
        "name": "Mainpuri",
        "code": 166
      },
      {
        "name": "Mathura",
        "code": 167
      },
      {
        "name": "Mau",
        "code": 168
      },
      {
        "name": "Meerut",
        "code": 169
      },
      {
        "name": "Mirzapur",
        "code": 170
      },
      {
        "name": "Moradabad",
        "code": 171
      },
      {
        "name": "Muzaffarnagar",
        "code": 172
      },
      {
        "name": "Pilibhit",
        "code": 173
      },
      {
        "name": "Pratapgarh",
        "code": 174
      },
      {
        "name": "Prayagraj",
        "code": 120
      },
      {
        "name": "Rae Bareli",
        "code": 175
      },
      {
        "name": "Rampur",
        "code": 176
      },
      {
        "name": "Saharanpur",
        "code": 177
      },
      {
        "name": "Sambhal",
        "code": 659
      },
      {
        "name": "Sant Kabir Nagar",
        "code": 178
      },
      {
        "name": "Shahjahanpur",
        "code": 180
      },
      {
        "name": "Shamli",
        "code": 660
      },
      {
        "name": "Shrawasti",
        "code": 181
      },
      {
        "name": "Siddharthnagar",
        "code": 182
      },
      {
        "name": "Sitapur",
        "code": 183
      },
      {
        "name": "Sonbhadra",
        "code": 184
      },
      {
        "name": "Sultanpur",
        "code": 185
      },
      {
        "name": "Unnao",
        "code": 186
      },
      {
        "name": "Varanasi",
        "code": 187
      }
    ]
  },
  {
    "name": "Uttarakhand",
    "code": 5,
    "districts": [
      {
        "name": "Almora",
        "code": 45
      },
      {
        "name": "Bageshwar",
        "code": 46
      },
      {
        "name": "Chamoli",
        "code": 47
      },
      {
        "name": "Champawat",
        "code": 48
      },
      {
        "name": "Dehradun",
        "code": 49
      },
      {
        "name": "Haridwar",
        "code": 50
      },
      {
        "name": "Nainital",
        "code": 51
      },
      {
        "name": "Pauri Garhwal",
        "code": 52
      },
      {
        "name": "Pithoragarh",
        "code": 53
      },
      {
        "name": "Rudraprayag",
        "code": 54
      },
      {
        "name": "Tehri Garhwal",
        "code": 55
      },
      {
        "name": "Udham Singh Nagar",
        "code": 56
      },
      {
        "name": "Uttarkashi",
        "code": 57
      }
    ]
  },
  {
    "name": "West Bengal",
    "code": 19,
    "districts": [
      {
        "name": "Alipurduar",
        "code": 664
      },
      {
        "name": "Bankura",
        "code": 305
      },
      {
        "name": "Birbhum",
        "code": 307
      },
      {
        "name": "Cooch Behar",
        "code": 308
      },
      {
        "name": "Dakshin Dinajpur",
        "code": 310
      },
      {
        "name": "Darjeeling",
        "code": 309
      },
      {
        "name": "Hooghly",
        "code": 312
      },
      {
        "name": "Howrah",
        "code": 313
      },
      {
        "name": "Jalpaiguri",
        "code": 314
      },
      {
        "name": "Jhargram",
        "code": 703
      },
      {
        "name": "Kalimpong",
        "code": 702
      },
      {
        "name": "Kolkata",
        "code": 315
      },
      {
        "name": "Malda",
        "code": 316
      },
      {
        "name": "Murshidabad",
        "code": 319
      },
      {
        "name": "Nadia",
        "code": 320
      },
      {
        "name": "North 24 Parganas",
        "code": 303
      },
      {
        "name": "Paschim Bardhaman",
        "code": 704
      },
      {
        "name": "Paschim Medinipur",
        "code": 318
      },
      {
        "name": "Purba Bardhaman",
        "code": 306
      },
      {
        "name": "Purba Medinipur",
        "code": 317
      },
      {
        "name": "Purulia",
        "code": 321
      },
      {
        "name": "South 24 Parganas",
        "code": 304
      },
      {
        "name": "Uttar Dinajpur",
        "code": 311
      }
    ]
  }
]
